tha,eng
กระจ่างจิตต์,Krajangjit
กริชสั้น,Grichson
กรือมอ,Gruemor
กลมกล่อม,Klomklorm
กลาสี,Kalasee
กล้าหาญ,Klaharn
กองข้าวเรียก,Kongkaoriak
กองข้าวเรียบ,Kongkaoriab
กองเย็น,Kongyen
กองแก้ว,Kongkaew
กอเส้ง,Koseng
กอแก้ว,Kokaew
กะตันญตานุลักษณ์,Katanyatanulak
กังละ,Kangla
กัญตญานุรักษ์,Kantayanurak
กันภัย,Kanpai
กันสุยะ,Kansuya
กางตั้ง,Kangtang
กาดำดวน,Kadamduan
กาทอง,Kathong
กายเงิน,Kaingoen
การสอนนาน,Kansornnan
การะวัน,Karawan
การ์เร็ต,Karret
กาวี,Kawee
กาฬจนิลธุ,Kanjaniltu
กาฬเนตร,Kannate
กำลัง,Kamlang
กิจกำจรกุล,Kitkamjornkul
กิจคาม,Kitkam
กิจพิทักษ์,Kitpitak
กิตติทรัพย์เจริญ,Kittisabcharoen
กิตสุข,Kitsuk
กิ่งเมือง,Kingmuang
กุราตรี,Kuratri
กุลกิต,Kulkit
กุลวานิช,Kulwanich
กุลสิงห์,Kulsing
กูปโคกกรวด,Kupakokkruad
กูสลามัส,Kusalamas
ก่อรักเสวต,Koraksawate
ก้อนแก้ว,Konkaew
ก้ามสกุล,Kamsakul
ขนอม,Kanom
ขวัญยืน,Kwaunyuen
ขอเหนี่ยวกลาง,Korniaoklang
ขันทวงศ์,Kanthawong
ขันภักดี,Kanpakdee
ขาวเชื้อ,Kaochuea
ขุนทอง,Kunthong
ขุนอังศร,Kunangsorn
ขุนเครือ,Kunkruea
ขุนแก้ว,Kunkaew
คงดี,Kongdee
คงบุญ,Kongboon
คงราษฎร,Kongrasadorn
คงฤทธิ์,Kongrit
คงสิน,Kongsin
คงเดิม,Kongdoem
คงเมือง,Kongmuang
คงแป้น,Kongpan
คงแรง,Kongrang
คงโรจน์,Kongroj
คชนันท์,Kotchanan
คชินรัตน์,Kachinrat
คณะบันธ์,Kanaban
คนคง,Konkong
คมกล้า,Komkla
คมคาย,Komkai
ครอบดวง,Krobduang
ครุฑเห็น,Kruthen
คล้ายสุบรรณ์,Klaisuban
ควนใต้,Kuantai
คะตา,Kata
คะหาปะนะ,Kahapana
คันฑชัย,Kanthachai
คาสามผง,Kasampong
คำยวง,Kamyuang
คำหนอน,Kamnon
คำอ่อน,Kamorn
คุณมั่น,Khunman
คุมลักษณ์,Kumluk
ค่ำคง,Kamkong
งาทแฉล่ม,Ngamchalaem
งามขำ,Ngamkam
งามวงษ์วาน,Ngamwongwan
จงบุญเจือ,Jongboonjuea
จงรักษ์,Jongrak
จงไกรจักษ์,Jongkraijak
จริงจิตร,Jingjit
จริยาอุดม,Jariya udom
จอมมี,Jommee
จะโนภาส,Janopas
จัดงูเหลือม,Jadngulueam
จัตรวาน,Jattawan
จัทร์ทกร,Janthakorn
จันคำเข้ม,Jankamkem
จันด์,Jan
จันต่อ,Jantor
จันทนากร,Janthanakorn
จันทรประสาท,Janthraprasart
จันทรรัตนะ,Janrattana
จันทรังษี,Jantharangsri
จันทร์งาม,Jan ngam
จันทร์ต๊ะคาด,Jantakad
จันทร์สุขศรี,Jansuksri
จันทร์หนู,Jannu
จันทร์เมือง,Janmuang
จันทร์เอี่ยม,Jan iam
จันทร์แก้ว,Jankaew
จันทร์แดง,Jandaeng
จันทร์ใต้,Jantai
จันทสุวรรณโณ,Janthasuwanno
จันทะสิน,Janthasin
จันทิมาศ,Janthimas
จันพิม,Janpim
จันมาลา,Janmala
จันลี,Janlee
จันสุวรรณโน,Jansuwanno
จันเจริญ,Janjaroen
จั่นจตุรพันธ์,Janjaturapan
จาชัย,Jachai
จารุเมธีวงษ์,Jarumeteewong
จิตจำนงค์,Jitjamnong
จิตตรง,Jittrong
จิตติไตรรัตน์,Jittitrairat
จิตนาวี,Jitnawee
จิตรภักดี,Jitpakdee
จิตสีดา,Jitseeda
จินโสภา,Jinsopa
จีนพักตร์,Jeenpak
จุลพงค์,Julapong
จุ่บำรุง,Jubamrung
จูดมาก,Judmak
จูมนา,Jumna
จูเจก,Jujek
ฉัตรตระกูลรักษ์,Chattrakulrak
ฉางข้าวไชย,Changkaochai
ฉายสุขเกษม,Chaisukkasem
ฉายา,Chaya
ฉิมพงษ์,Chimpong
ฉิมอินทร์,Chimin
ฉิ้นฉ้อง,Chinchong
ฉ่ำพันธ์,Champan
ฉ่ำมาลี,Chammalee
ชลกิจ,Chonlakij
ชลหัตถ์,Chonlahat
ชะอุ่มผล,Chaumpol
ชัย,Chai
ชัยชนะธรรม,Chaichanatham
ชัยณรงค์,Chainarong
ชัยสวัสดิ์,Chaisawas
ชั่งกระโทก,Changkratok
ชาญกุล,Chankul
ชาญณรงค์,Channarong
ชาญดวงกิจ,Chanduangkij
ชาญสูงเนิน,Chansungnoen
ชาติพงศ์,Chartpong
ชาติสุวรรณ,Chartsuwan
ชายเกตุ,Chaiket
ชาเดซคาน,Chadesakan
ชาเรืองเดช,Chamrueangdej
ชำนาญนา,Chamnanma
ชำนาญศิลป์,Chamnansilp
ชำนาญสถล,Chamnansatol
ชิตยานันท์,Chitayanan
ชิตรัตนาพร,Chitarattanaporn
ชื่นซัง,Chuensang
ชื่นพรหม,Chuenprom
ชุนริม,Chunrim
ชุมประเสริฐ,Chumprasert
ชุมสุวรรณ,Chumsuwan
ชูจันทร์,Chujan
ชูชาติ,Chuchart
ชูดำ,Chudam
ชูถนอม,Chuthanom
ชูบัว,Chubua
ชูสุข,Chusuk
ชูเจริญวานิชกูล,Chucharoenwanitchakul
ชูเลื่อน,Chuluean
ชูเหล็ก,Chulek
ช่วยกิจ,Chuaykij
ช่วยประสิทธ์,Chuayprasit
ช่วยอินทร์,Chuayin
ช่วยเทศ,Chuaytes
ช่อดอกรัก,Chordokrak
ช่างหม้อ,Changmor
ช่างเหล็ก,Changlek
ช่างใต้,Changtai
ช้างทองคำ,Changthongkam
ซำเซ็น,Samsen
ฐิตรัตนาภรณ์,Thitarattanaporn
ฐิติบุญสุวรรณ,Thitiboonsuwan
ณ ตะกั่วทุ่ง,Na Takuathung
ณ ทะเล,Na Thalae
ณ ทุ่งหล่อ,Na Thunglor
ณ พัทลุง,Na Patthalung
ณ ระนอง,Na ranong
ณ สติ,Na sati
ดวงจิตร,Duangjit
ดวงตา,Duangta
ดวงมณี,Duangmanee
ดวงเนตร,Duangnate
ดวงเอ้ย,Duangoei
ดอมมิค,Dommik
ดังประโคน,Dangprakon
ดาวคำจรัสแสง,Daokamjarasseng
ดาวศรี,Daosri
ดำทับ,Damthab
ดำนิล,Damnil
ดำริห์,Damri
ดำสงค์,Damsong
ดำหมี,Dammee
ดำเอียด,Damiad
ดิษฐนวล,Disthanuan
ดิษฐาอภิชน,Disthaapichon
ดีบุก,Deebuk
ดีประสิทธิ์,Seeprasit
ดูงูเหลือม,Dungulueam
ด่านแพ,Danpae
ตรีประเสร็จ,Triprasej
ตรุษทุ่ง,Trusthung
ตลิ่งไธสง,Talingthaisong
ตอประยูร,Torprayoon
ตัตติศิริอนุสรณ์,Tattisirianusorn
ตันกัลยา,Tankalaya
ตันสกุล,Tansakul
ตันหยงพนา,Tanhayongpana
ตันเกต,Tanket
ตันโชติ,Tanchot
ตั้งจิรโชติ,Tangjirachot
ตำปีหอมะ,Tampeehoma
ต่างจิต,Tangjit
ต้นพันธ์,Tonpan
ถนอมจิต,Thanonjit
ถาพร,Thaporn
ถิ่นลิพอน,Thinliporn
ถิ่นเกาะยาว,Thinkoyao
ทรายภรณีศรี,Saiporaneesri
ทวีพัฒน์,Thaweepat
ทวีสวัสดิ์,Thaweesawas
ทองคำ,Thongkam
ทองคิด,Thongkid
ทองลี่,Thonglee
ท่าหวยหว้า,Thahuaywa
ธนันกิ่ง,Thananking
ธรรมกุล,Thammakul
ธรรมะกิรติวงศ์,Thammakiratiwong
ธรรมเนียม,Thamniam
ธะนะเป็ก,Thanapek
ธัญวรัตนมางกูร,Thanwarattanamangkul
ธานิน,Thanin
ธิพล,Thipol
นติพ้อม,Natipom
นนทรี,Nonsri
นนยะโส,Nonyaso
นราจิต,Narajit
นวลจันทร์,Nuanjan
นวลหุ่น,Nuanhun
นวลเนียม,Nuanniam
นะฮา,Naha
นักขจัร,Nakkajan
นาคมิตร,Nakmirt
นาคศรีสุข,Naksrisuk
นาคสมบูรณ์,Naksomboon
นาคสุข,Naksuk
นาคหาญ,Nakharn
นาคเพชร,Nakpetch
นาชัย,Nachai
นาทวีทรัพย์,Nathaweesab
นามลักษณ์,Namlak
นามสุวิมล,Namsuwimon
นามแสน,Namsen
นารถสมบูรณ์,Nartsomboon
นาวารักษ์,Nawarak
นาวาล่อง,Nawalong
นาอ่อน,Naorn
นาโควงษ์,Nakowong
นำพา,Nampa
นิลรัตน์,Nilrat
นิสงฆ์,Nisong
นิและ,Nirae
นีดเฮม,Needham
นุวัฒน์,Nuwat
นุ่นขาว,Noonkao
นุ้ยอีด,Nuyid
น้อยจันนา,Noijanna
น้อยนาค,Noinak
น้อยสันเทียะ,Noisanthia
น้อยแก้ว,Noikaew
บรรพตธรรม,Banpottham
บรรเทา,Banthao
บริรักษ์,Borirak
บับพิบูลย์,Babpiboon
บัวขาว,Buakao
บัวจันทร์,Buajan
บัวบึง,Buabueng
บัวรินทร์,Buarin
บัวสุวรรณ,Buasuwan
บัวเผือก,Buapueak
บายเย็น,Banyen
บำรุง,Bamrung
บำรุงถิ่น,Bamrungthin
บุญกว้าง,Boonkwang
บุญกอง,Boonkong
บุญกุศล,Boonkusol
บุญจันทร์,Boonjan
บุญชูลง,Boonchulong
บุญช่วย,Boonchuay
บุญตัน,Boontan
บุญธรรม,Boontham
บุญนาม,Boonnam
บุญบัง,Boonbang
บุญประสงค์,Boonprasong
บุญประสานดิ์,Boonprasan
บุญมา,Boonma
บุญมาก,Boonmak
บุญยสิทธิ์,Boonyasit
บุญยัง,Boonyang
บุญลือ,Boonlue
บุญล้อม,Boonlom
บุญสม,Boonsom
บุญสูง,Boonsung
บุญหนุนเทศ,Boonhanunthed
บุญเจริญ,Booncharoen
บุญเถื่อนทับ,Boontueanthab
บุญเมือง,Boonmuang
บุณยเกียรติ,Boonyakiat
บุตตโยธี,Boottayothee
บุตรวงศ์,Bootwong
บุตรเตี้ยม,Boottiam
บุนนาค,Boonnak
บุระมุข,Buramuk
บุษเคียม,Bussakiam
บูรณะกิจ,Booranakij
บ้วนกระโทก,Buankrathok
ป.สูงเนิน,Po sungnoen
ปรหริรักษ์,Poraharirak
ประกับสิน,Prakabsin
ประดับเหลือง,Pradablueang
ประดาห์,Prada
ประตูใหญ่,Pratuyai
ประทับสิน,Prathabsin
ประสงค์ผล,Prasongpol
ประสบศรี,Prasobsri
ประสานกรณ์,Prasarnkorn
ประสานชาติ,Prasarnchart
ปรานวีระไพบูลย์,Pranweerapaiboon
ปราบไฟ,Prabfai
ปริวัฒอนันตกุล,Pariwatanantakul
ปลอดภัย,Plodpai
ปะทนัน,Pathanan
ปะนะทานัง,Panatanang
ปัจพลากรกุล,Pajapalakornkul
ปัญจินา,Panjina
ปัญญานาม,Panyanam
ปัญญาใส,Panyasai
ปัทมสูตร,Patthamasuth
ปัทมาคม,Patthamakom
ปั้นประเสริฐ,Panprasert
ปั้นแก้ว,Pankaew
ปาทาน,Pathan
ปานจรัตน์,Panjarat
ปานรอด,Panrod
ปาละบุญวงษ์,Palaboonwong
ปาเบ้า,Papao
ปินคำ,Pinkam
ปิยภาณีรัตน์,Piyapaneerat
ปิยะเวช,Piyawetch
ปิยะไพร,Piyaprai
ปิ่นจินดา,Pinjinda
ปีสติ,Peesati
ปุยะติ,Puyati
ปูปาน,Pupan
ป้อมเนียม,Pomnian
ผกาวัลย์,Pakawan
ผลานิสงค์,Planisong
ผลโภค,Polpoke
ผานาค,Panak
ผาภูมิสกาว,Papumsakao
ผิวพรรณ์,Piupan
ผิวเผือก,Piupueak
ผุดผ่อง,Pudpong
ฝอยทอง,Foythong
ฝ่องอำไพ,Fongumpai
พงศรีพุท,Pongsriputh
พงษ์กสิกิจ,Pongkasikij
พยายาม,Payayam
พรมนัส,Promnas
พรมล้วน,Promluan
พรมศิริ,Promsiri
พรหมกุล,Promkul
พรหมทัต,Promtat
พรหมยุทธ,Promyuth
พรหมรัตน์,Promrat
พรหมลี,Promlee
พรหมเกิด,Promkurt
พรไพศาลศักดิ์,Pornpaisansak
พฤกษุภา,Prueksupa
พลกล้า,Polkla
พลอยงาม,Ployngam
พลายเพชร,Plaipetch
พลีช้าวใต้,Pleechaotai
พลเทียร,Polthian
พลเยี่ยม,Polyiam
พวงใบดี,Puangbaidee
พอกเพิ่มดี,Pokpoemdee
พัฒกอ,Patthako
พัฒนพีระเดช,Pathanapeeradej
พัฒเท,Patte
พันธุมาศ,Panthumas
พันธุ์งาม,Panngam
พันธุ์ชิน,Panchin
พันธ์ประชา,Panpracha
พันสวัสดิ์,Pansawas
พันสาคู,Pansaku
พัลภา,Panlapa
พานทอง,Panthong
พานนนท์,Pannon
พานิชชำนาน,Panitchchamnan
พาสุทธิ์,Pasut
พิทยาขจร,Pitthayakajorn
พิลา,Pila
พิศจันทร์,Pisjan
พิศาลวีรวงศ์,Pisanweerawong
พิไรวัลย์,Piraiwan
พึ่งทอง,Puengthong
พุทธมาตร,Puthamart
พุทธรักษ์,Putharak
พุทรา,Puthra
พุ่มพนม,Pumpanom
พุ่มเขียว,Pumkeaw
พูนช่วย,Poonchua
พูนพันธ์,Poonpan
พูล,Pul
พูลลาภ,Pullap
พูลสุภาพ,Pulsupab
ฟังมงคล,Fungmongkol
ฟิงเคล,Fingcle
ภาษยากร,Pasayakorn
ภาษอากร,Pasaarkorn
ภินทราภรณ์,Pintaraporn
ภุกกำพันธ์,Pukkampan
ภูดี,Pudee
ภูนภา,Punapa
ภูมิกำจร,Pumikamjorn
ภูมิประพัตกุล,Pumiprapatkul
ภูมิสร,Pumisorn
ภูแม่น้ำ,Pumaenam
ภูแสง,Puseng
ภู่พิจิตร,Pupijit
มงคลบุตร,Mongkolbutr
มงคลประเสริฐ,Mongkolprasert
มณี,Manee
มณีกุล,Maneekul
มณีวัต,Maneewat
มนแก้ว,Monkaew
มลาชัย,Malachai
มหาโสม,Mahasom
มอญเต้,Montae
มอเร็ว,Morreo
มะโนยานะ,Manoyana
มั่งเลอลักษณ์,Mangloeluk
มั่นจิต,Manjit
มั่นนุช,Mannuch
มั่นยืน,Manyuen
มากดำ,Makdam
มาดใหญ่,Madyai
มานะเวช,Manawej
มาลาสาย,Malasai
มาสวัสดิ์,Masawas
มาเรือน,Maruean
มิตรกูล,Mitrkul
มิลินทสูต,Milintasuth
มิสิทธิ์,Meesit
มิ่งบ้าน,Mingban
มีชะรังสรรค์,Meecharangsan
มีนาชัย,Meenachai
มีสติ,Meesati
มีสิทธิ์,Meesith
มีแยบ,Meeyaeb
มีแย้ม,Meeyaem
มีโซะ,Meeso
มุกสิกพรรณ,Muksikkapan
มุขศรีประเสริฐ,Muksriprasert
มุคุระ,Mukura
มูลขำ,Mulkam
มูลขุนทด,Mulkuntod
มูลทรัพย์,Mulsab
มโนเชาว์,Manochao
ม่วงจันอัด,Muangjanad
ม่วงธรรม,Muangtham
ม่วงแกม,Muangkam
ม่านโอสถ,Manosot
ยงค์,Yong
ยศสันเที๊ยะ,Yossanthia
ยอดดี,Yoddee
ยอดผา,Yodpa
ยอดยา,Yodya
ยะลา,Yala
ยันตวัฒนะ,Yantawattana
ยิ่งวุฒิวรกุล,Yingwuthworakul
ยี่สุ่น,Yeesun
ยืนนาน,Yuennan
ยุนรัมย์,Yunram
ยุระพันธ์,Yurapan
ยุวเสรี,Yuwaseree
รมยาสัย,Romyasai
รอดสุด,Rodsud
รอดอยู่,Rodyoo
รอมสี,Romsee
ระถะการ,Ratakan
ระห่างภัย,Rahangpai
รักมิตร,Rakmith
รักวงศ์,Rakwong
รักษศรี,Raksasri
รักษา,Raksa
รักษากิจ,Raksakij
รักษาเคน,Raksaken
รักเมือง,Rakmuang
รัตนกุล,Ratanakul
รัตนดิลก ณ ภูเก็ต,Rattanadilok Na Phuket
รัตนนะนุพงษ์,Rattananupong
รัตนา,Rattana
รัตนากร,Rattanakorn
รัศมีประภา,Rasameeprapa
ราชสุวรรณ,Ratchasuwan
รุทชาติ,Ruthachart
รุวิศักดิ์,Ruwisak
รุ่งเรืองพันธุ์,Rungrueangpan
รู้รอบ,Rurob
ร่มเย็น,Romyen
ร่วมชาติ,Ruamchart
ร่องแร่,Rongrae
ร่ายใหญ่,Raiyai
ฤกก้องกิจไพบูรณ์,Roekkongkitpiboon
ฤกษ์สมุทร์,Roeksamuth
ฤทธิกุล,Ritthikul
ฤทธิพันธ์,Ritthipan
ฤทธิวงศ์,Ritthiwong
ลงตี,Longtee
ลอยภิรมย์,Loyphirom
ละงู,La ngu
ละหารทราย,Laharnsai
ละไม,Lamai
ลาภชัย,Lapachai
ลามคำ,Lamkam
ลายเมฆ,Laimek
ลิ่มสกุล,Limsakul
ลุนเผ่,Lunpe
ลู่เด็นบุตร,Ludenbutr
ล่าหมาด,Lamad
วงค์สุวรรณ,Wongsuwan
วงตาขี่,Wongtakee
วงศ์จันทร์,Wongjan
วงศ์มุนี,Wongmunee
วงศ์สุรินทร์,Wongsurin
วงศ์ใหญ่,Wongyai
วงษ์นา,Wongna
วงษ์พัฒน์,Wongpat
วงษ์หลี,Wonglee
วังขวา,Wangkwa
วันดีวงษ์,Wandeewong
วันทา,Wanta
วัยวุฒิ,Waiwut
วามะเกตุ,Wamaket
วารีศรี,Wareesri
วาลัก,Walak
วิจัยดิษฐ์,Wijaidis
วิจิตรอมรพงษ์,Wijit amornpong
วิชัย,Wichai
วิชิตเชื้อ,Wichitchuea
วินเกตุ,Winket
วิภา,Wipa
วิภาตะโยธิน,Wipatayothin
วิลาลัย,Wilalai
วิศาล,Wisarn
วิสกุล,Wisakul
วิสาขา,Wisaka
วิเศษสินธุ์,Wisessin
วีชะรังสรรค์,Weecharangsan
วีรวงศ์สาร,Weerawongsarn
วีระกะสะลา,Weerakasala
วีระกะสัส,Weerakasas
วุฒิพงศ์,Wutthipong
ว่องไว,Wongwai
ศรธนบดี,Sornthanabodee
ศรรมย์,Sornrom
ศรอำพล,Sorn umpol
ศรอินทร์,Sorn in
ศรีงาม,Sri ngam
ศรีจัน,Srijan
ศรีจันทึก,Srijanthuek
ศรีจินต์,Srijin
ศรีชะเอม,Srichaaim
ศรีนวน,Srinuan
ศรีบุญเรือง,Sriboonrueang
ศรีประทุม,Sriprathum
ศรีพรหม,Sriprom
ศรีภิรมย์,Sripirom
ศรียะพงษ์,Sriyapong
ศรีละแก้ว,Srilakaew
ศรีลารักษ์,Srilarak
ศรีวิลาสลักษณ์,Sriwilaslak
ศรีสงคราม,Srisongkram
ศรีสว่าง,Srisawang
ศรีสุขใส,Srisuksai
ศรีสุภาษ,Srisupas
ศรีสุวรรณ,Srisuwan
ศรีหรอย,Sriroy
ศรีอรุณ,Sri arun
ศรีอ่อน,Sri orn
ศรีเกตุ,Sriket
ศรีเดช,Sridej
ศรีแก้ว,Srikaew
ศรีโอสถ,Sri aosot
ศักดิ์ศรีสุวรรณ,Saksrisuwan
ศักดิ์เรืองสังข์,Sakrueangsang
ศานติสิขานล,Santisikanon
ศิรินคร,Sirinnakorn
ศิลป์ภักดี,Silppakdi
ศิลาอ่อน,Silaorn
สกุลสูง,Sakulsung
สติยศ,Satiyos
สถาปิตานนท์,Sathapitanon
สถาวร,Sathaworn
สนิทสุริวงศ์,Sanithsuriwong
สมบัติ,Sombat
สมสิทธิ์,Somsith
สมัครทัย,Samakthai
สมุทรอำนวยสุข,Samuth umnuaysuk
สมเครือ,Somkruea
สมเชื้อ,Somchuea
สมแสง,Somseng
สมใจ,Somjai
สร้อยสูงเนิน,Soysungnoen
สวดประโคน,Suadprakon
สวน,Suan
สวัสดิพันธ์,Sawasdipat
สวัสดิ์สาลี,Sawassalee
สวัสดี,Sawasdee
สองชน,Songchon
สองเลยเกียรติ,Songloeikiat
สอนบุญ,Sornboon
สังยวน,Sangyuan
สันกลาง,Sanklang
สายประยงค์,Saiprayong
สายอรณ์,Saiorn
สารจิตร,Sarajit
สารพล,Sarapol
สาระบุตร,Sarabutr
สาลี,Salee
สาวิสิทธิ์,Sawisit
สาแหละอาคัม,Sarae arkam
สำลี,Samlee
สำล้อม,Samlom
สิกขา,Sikka
สิงหบุญ,Singhaboon
สิงหะรักษ์,Singharak
สิงหะเสนี,Singhasenee
สิทธิชนธ์,Sitthichon
สิทธิประการ,Sitthiprakan
สิทธิมล,Sitthimol
สินนาค,Sinnak
สินบุษกร,Sinbussakorn
สิบุหนอง,Sibunong
สีดอกบวบ,Seedongbuab
สีธรรมดา,Seethammada
สียางนอก,Seeyangnok
สีสุ่น,Seesun
สีหาใจ,Seehajai
สีเสมอ,Seesamoe
สีเอี่ยม,Seeaiam
สีไพ,Seepai
สืบสิน,Suebsin
สืบสุข,Suebsuk
สุกุลธนาศร,Sukulthanasorn
สุกใส,Suksai
สุขกิจ,Sukkakij
สุขตลอดกาล,Suktalordkan
สุขนา,Sukna
สุขสมบูรณ์,Suksomboon
สุขสมใจ,Suksomjai
สุขสวัสดิ์,Suksawas
สุขสันติถาวร,Suksantithaworn
สุขสำราญ,Suksamran
สุขเอนก,Sukanake
สุขโจม,Sukjom
สุดชัย,Sudchai
สุดดี,Suddee
สุดธารา,Sudthara
สุดประเสริฐ,Sudprasert
สุดสม,Sudsom
สุทธิกุล,Suthikul
สุทธิชน,Suthichon
สุทธิปาโน,Suthipano
สุทธิรินทร์,Suthirin
สุทธิวิจิตร,Suthiwijitr
สุทธิสอน,Suthisorn
สุทธิสาร,Suthisan
สุทธิเกียรติสุข,Suthikiatsuk
สุนทรภักดี,Suthornpakdee
สุนทรมัจฉา,Sunthornmatcha
สุนาพันธ์,Sunapan
สุปาณี,Supanee
สุพัฒน์,Suphat
สุภัทร,Supat
สุภาภร,Supaporn
สุภาวัลลภ,Supawanlop
สุมนาม,Sumnam
สุราฤทธิ์,Surarit
สุริยะเสน,Suriyasen
สุวรรณโชติ,Suwannachot
สุวรรณโอภาส,Suwanaopas
สเวนสัน,Swensan
ส่งแสง,Songseng
หงษ์ภูมี,Hongpumee
หงส์ขาว,Hongkao
หนักแน่น,Naknan
หนุ่มแน่น,Numnan
หนูขาด,Nukad
หนูทอง,Nuthong
หนูนาค,Nunak
หนูม่วง,Numuang
หมอน้ำร้อน,Mornamron
หมันหมาด,Manmad
หมาดทิ้ง,Madthing
หมาดสตูล,Madsatul
หมีเงิน,Meengoen
หมื่นหนู,Muennu
หมื่นแพน,Muenpan
หม่องพราหมณ์,Mongbrahm
หลีดุลย์,Leedul
หวังดี,Wangdee
หวังทางกลาง,Wangthangklang
หอมรื่น,Homruen
หอมหวน,Homhuan
หอยสังข์,Hoysang
หะยีเป้า,Hayeepao
หัตถประดิษฐ์,Hatthapradit
หาญเคี่ยว,Hankiao
หิรัญบูรณะ,Hiranburana
หีตยิ้ม,Hityim
ห่นครุฑ,Honkrut
ฬาพันธ์,Lapan
อนันตสุ,Anantasu
อนุวัฒน์,Anuwat
อนุสรณ์,Anusorn
อบอุ่น,Ob oon
อภิชัย,Apichai
อภิบาล,Apibal
อภิวัฒนเสวี,Apiwatthanasewee
อยู่สำราญ,Yoosamran
อยู่เหลียง,Yooliang
อรุณรักษ์ถาวร,Arunrakthaworn
ออสวาลด์,Auswald
อักษรพันธ์,Aksornpan
อังคบุตร,Ungkabut
อัฐภาคี,Attapakee
อันยัน,Unyan
อัศวตั้งเสถียร,Asawatangsatian
อามูดี,Amudee
อารมย์,Arom
อารักษ์,Arak
อำภา,Umpa
อิทร์แก้ว,Inkaew
อินต๊ะปัญญา,Intapanya
อินถา,Intha
อินทร์กอง,Inkong
อินทร์ขจร,Inkajorn
อินทสุทธิ,Inthasut
อินทเรืองศาล,Intharueangsarn
อินธิ,Inthi
อินผิ,Inpi
อินราช,Inratch
อินร์โทน,Inthon
อินเจียม,Injiam
อีสเทอเลฟา,Easterlefa
อุตมะโยธิน,Utamayothin
อุบลรัตน์,Ubonrat
อุปมา,Upama
อุ่นตุ้ย,Untuy
อู่หิรัญ,Uhiran
อ่วนจันทร์,Ouamjan
อ่วมทองดี,Ouamthongdee
อ่วมอ่ำ,Ouamum
อ่อนคง,Ornkong
อ่อนชุลี,Ornchulee
อ่อนสุวรรณ,Ornsuwan
อ้างสกุล,Angsakul
ฮูเซ็น,Hyusen
เกตุเทศ,Ketthet
เกราะแก้ว,Krokaew
เกษุแก้ว,Keskaew
เกาะเหม,Kohhem
เกาะแก้ว,Kohkaew
เกาเบอร์,Kaober
เกิดกล่ำ,Kurtklam
เกิดทรัพย์,Kurtsab
เกิดสวัสดิ์,Kurtsawas
เกิดหนู,Kurtnu
เกิดเกลี้ยง,Kurtkliang
เกื้อทอง,Kueathong
เกื้อสกุล,Kueasakul
เกื้อเส้ง,Kueaseng
เขมะวงค์,Kamawong
เขียวกล่ำ,Kiawklam
เขียวสุด,Kiawsud
เขียวแก้ว,Kiawkaew
เขื่อแก้วสิงหื,Kueakaewsing
เคนทวาย,Kenthawai
เคยดี,Koeidee
เงินนิ่ม,Ngoennim
เจนเจนประเสริฐ,Jenjenprasert
เจริญครี,Charoensri
เจริญธรรมวัฒน์,Charoenthammawat
เจริญภักดี,Charoenpakdee
เจริญวงศ์,Charoenwong
เจริญสุข,Charoensuk
เจียมจิตร,Jiamjit
เจ้ามีศิลป์,Jaomeeslip
เจ๊ะโส๊ะ,Jeso
เฉยรัมย์,Choeyram
เฉิน,Choen
เชยคำดี,Choekamdee
เชาวนะสินธุ์,Chaonasin
เชื้อขาว,Chueakao
เชื้อยวน,Chueayuan
เดชสถิตย์,Dejsathit
เดชสุวรรณ,Dejsuwan
เดชา,Decha
เด่นยเด่น,Denyaden
เตียงน้อย,Tiangnoy
เต็มสวัสดิ์,Temsawas
เทพผสุท,Theppasut
เทพรินทร์,Theprin
เทพวิเชียร,Thepwichian
เทพศร,Thepsorn
เทพสุทธิ์,Thepsuth
เทพากุล,Thepakul
เทศประสิทธิ์,Tesprasit
เทียนฉิมพลี,Thianchimplee
เทียนสวัสดิ์,Thiansawas
เทียบการณ์,Thiabkan
เที่ยงตรง,Thiangtrong
เที่ยงธรรม,Thiangtham
เทือกเถาสาร,Tueakthaosan
เนตรนวลใย,Netnuanyai
เนาสน,Naoson
เนินอุไร,Noenurai
เบญจวรรณ,Benjawan
เปรมจิต,Premjit
เปล่งจำรัส,Plengjamras
เปียกำเนิด,Piakamnerd
เป็นสุข,Pensuk
เผือกพิพัฒน์,Pueakpipat
เผือกวัฒนะ,Pueakwatthana
เผือกเพชร,Pueakpetch
เพชรจู,Petchju
เพชรชมภู,Petchchompu
เพชรชัย,Petchchai
เพชรทรงเกลี้ยง,Petchsongkliang
เพชรทอง,Petchthong
เพชรพูนทรัพย์,Petchpunsab
เพชรมาส,Petchmas
เพชรฤทธิ์,Petchrit
เพชรสุทธิ,Petchsuthi
เพชรแก้ว,Petchkaew
เพิ่มพูน,Pormpun
เพียรศรี,Piansri
เพื่อนรัก,Pueanrak
เพ็งสุวรรณ,Pengsuwan
เพ็งโคตร,Pengkod
เพ็ชรการ,Petchakan
เพ็ชรพวง,Petchpuang
เพ็ชรรัตน์,Petcharat
เมฆฉาย,Mekchai
เยื้อนหนูวงค์,Yueannuwong
เริงวิจิตรา,Roengwijitra
เริงสมุทร,Roengsamuth
เรืองคำ,Rueangkam
เรืองฤทธิ์,Rueangrit
เรืองศรี,Rueangsri
เร่นางรอง,Renangrong
เลิศวิไลลักษณ์,Loedwilailak
เล็กวุฒิกานต์,Lekwutthikan
เวคคลิม,Wekklim
เศรษฐาวงศ์,Sesthawong
เศียรกระโทก,Siankrathok
เสนทอง,Senthong
เสนสิงห์,Sensing
เสนารักษ์,Senarak
เสนาลา,Senala
เสนาะศัพท์,Sanosab
เสริมทรัพย์,Soemsab
เสาวคนธ์,Saowakon
เสาวรส,Saowaros
เสือปะโหมง,Sueapamong
เสือสี,Sueasee
เสื่อมโทม,Sueamthom
เหมียนทอง,Mianthong
เหมือนแจ้ง,Mueanjang
เหลืองสันติ,Lueangsanti
เหลืองสันติมิตร,Lueangsantimit
เหาะ,Ho
เอมโอด,Aimoad
เอียดชูทอง,Iadchuthong
เอียดทองคำ,Iadthongkam
เอียดแก้ว,Iadkaew
เอียบสกุล,Iabsakul
เอี่ยมสะอาด,Iamsaard
เอื่อมศรี,Ueamsri
เอื้ออารีศิลป์,Ueaareesilp
เอ่งฉ้วน,Angchuan
แก่นจันทร์,Kaenjan
แก่นสาร,Kaensarn
แก่นไทย,Kaenthai
แก้วกนก,Kaewkanok
แก้วกลาง,Kaewklang
แก้วงาม,Kaewngam
แก้วตา,Kaewta
แก้วบำรุง,Kaewbamrung
แก้วรักษา,Kaewraksa
แก้วสวัสดิ์,Kaewsawas
แก้วสอนดี,Kaewsorndee
แก้วหนูนวล,Kaewnunuan
แก้วอรุญ,Kaewarun
แก้วอากาศ,Kaewakas
แก้วอำรัตน์,Kaewumrat
แก้วเกตุมณี,Kaewketmanee
แขกนวม,Kaeknuam
แจ่มจำรัส,Janjamras
แจ่มใส,Jamsai
แซ่คู,Saeku
แซ่จิ้ว,Saejew
แซ่ตัน,Saetan
แซ่ฟู,Saefu
แซ่มัก,Saemak
แซ่ลือ,Saelue
แซ่หลอ,Saelor
แซ่หลี,Saelee
แซ่เจียว,Saejiao
แซ่เตียง,Saetiang
แซ่เอี๋ยว,Sae iao
แซ่เฮง,Saeheng
แซ่โงว๊,Saengo
แดงจบ,Dengjob
แต้มเพชร์,Tampetch
แถบชาติ,Tabchart
แท่นอยู่,Tanyoo
แพใหญ่,Paeyai
แย้มผิว,Yampiu
แย้มอ่วม,Yamauam
แลคเนอร์,Lacner
แววสุวรรณ,Waewsuwan
แสงจันดา,Sengjanda
แสงจันทร์,Sengjan
แสงทอง,Sengthong
แสงนาค,Sengnak
แสงนาถ,Sengnath
แสงบวรแก้ว,Sengbawornkaew
แสงประดับ,Sengpradab
แสงมณี,Sengmanee
แสงสว่าง,Sengsawang
แสงสุวรรณ,Sengsuwan
แสงแก้ว,Sengkaew
แหลมจริง,Laemjing
โกฏิสิน,Kotisin
โกลิยานนท์,Koliyanon
โคตรชมภู,Kodchompu
โชควิเศษ,Chokwises
โชติกมาศ,Chottikamas
โชติกรกุล,Chottikorakul
โชติพาณิชย์,Chottipanitch
โชติสมบูรณ์,Chottisomboon
โต๊ะสะบัด,Tosabud
โทรทอง,Thothong
โนนนู,Nonnu
โปร่งจันทร์,Prongjan
โปร่งพันธ์,Prongpan
โพธิกุล,Pothikul
โพธิ์ถาวร,Pothaworn
โพธิ์สำนัก,Posamnak
โพธิ์สุทธิ,Posuthi
โพธิ์อร่าม,Po aram
โพธิ์เพชรเส็ง,Popetchseng
โพพิน,Popin
โภคารัตน์,Pokarat
โมลีชาติ,Moleechart
โยชัย,Yochai
โรจนพิทยากุล,Rojanapitthayakul
โรโคห์ล,Rochol
โล่สกุล,Losakul
โสดารักษ์,Sodarak
โสดาวรรณ,Sodawan
โหราพงศ์,Horapong
โอศิริ,Osiri
โอฬาริ,Olari
ใจภักดี,Jaipakdee
ใจรัมย์,Jairum
ใจอดทน,Jai odton
ใจอุ่น,Jai oon
ใจเพชร,Jaipetch
ใจเย็น,Jaiyen
ใยทองคำ,Yaithongkam
ใยฝ้าย,Yaifai
ใสสด,Saisod
ไกรทอง,Kraithong
ไกรประสิทธ์,Kraiprasit
ไขแก้ว,Kaikaew
ไชยช่วย,Chaichua
ไชยบุญมา,Chaiboonma
ไชยรักษ์,Chairak
ไชยลังกา,Chailangka
ไชยเพชร,Chaipetch
ไชยโม,Chaiyamo
ไตรยศ,Traiyos
ไทรทอง,Saithong
ไทเลอร์,Tylor
ไพรี,Phiree
ไพศาล,Phisarn
ไพศาลจิตอาทร,Paisarnjitarthorn
ไพสิงห์,Paising
ไม้โทคม,Maitokom
ไล้อ่วม,Lai auam
